,,,С  1 ФЕВРАЛЯ 2026г.,,
,,ТПО,,,
,,,,,
№ п/п,Марка,Модель,Объем двиг.,Год выпуска ,Стоимость В ЕВРО
1,ASTON MARTIN,DB11,4000,2026,80209
2,ASTON MARTIN,DB11,4000,2025,65209
3,ASTON MARTIN,DB11,4000,2024,63000
4,ASTON MARTIN,DBS COUPE,5200,2026,126500
5,ASTON MARTIN,DBS COUPE,5200,2025,120750
6,ASTON MARTIN,DBS COUPE,5200,2024,110000
7,ASTON MARTIN,DBX,4000,2026,109250
8,ASTON MARTIN,DBX,4000,2025,84375
9,ASTON MARTIN,DBX,4000,2024,80000
10,ASTON MARTIN,VANTAGE,4000,2026,68750
11,ASTON MARTIN,VANTAGE,4000,2025,55000
12,ASTON MARTIN,VANTAGE,4000,2024,50000
13,AUDI,Q8,3000,2026,35000
14,AUDI,Q8,3000,2025,34000
15,AUDI,Q8,3000,2024,32000
16,AUDI,RSQ7,4000,2026,40000
17,AUDI,RSQ7,4000,2025,35000
18,AUDI,RSQ8,4000,2026,40000
19,AUDI,RSQ8,4000,2025,35000
20,AUDI,RS8,4000,2026,42000
21,AUDI,RS8,4000,2025,40000
22,AUDI,RS8,4000,2024,38000
23,AUDI,RS6,4000,2026,39800
24,AUDI,RS6,4000,2025,34000
25,AUDI,RS6,4000,2024,32000
26,AUDI,RS7,4000,2026,42000
27,AUDI,RS7,4000,4000,37000
28,AUDI,RS7,4000,2024,35000
29,AUDI,Q5,2000,2025,18000
29,AUDI,Q6,2000,2026,23000
30,AUDI,Q6,2000,2025,22000
31,AUDI,Q6,2000,2024,21000
32,AUDI,Q7,2000,2026,23000
33,AUDI,Q7,2000,2025,22000
34,AUDI,Q7,2000,2024,21000
35,AUDI,Q7,3000,2026,35000
36,AUDI,Q7,3000,2025,34000
37,AUDI,Q7,3000,2024,32000
38,AUDI,SQ7,4000,2026,40000
39,AUDI,SQ7,4000,2025,35000
40,AUDI,SQ8,4000,2026,40000
41,AUDI,SQ8,4000,2025,35000
42,BENTLEY, BENTAYGA,4000,2026,77625
43,BENTLEY, BENTAYGA,4000,2025,64400
44,BENTLEY, BENTAYGA,4000,2024,62000
45,BENTLEY,CONTINENTAL GT,4000,2026,84400
46,BENTLEY,CONTINENTAL GT,4000,2025,82400
47,BENTLEY,CONTINENTAL GT,4000,2024,80400
48,BENTLEY,CONTINENTAL GT,6000,2026,84400
49,BENTLEY,CONTINENTAL GT,6000,2025,82400
50,BENTLEY,CONTINENTAL GT,6000,2024,80400
51,BENTLEY,FLYING SPUR,6000,2026,84400
52,BENTLEY,FLYING SPUR,6000,2025,82400
53,BENTLEY,FLYING SPUR,6000,2024,80400
54,BENTLEY,FLYING SPUR 20MY,6000,2026,84400
55,BENTLEY,FLYING SPUR 20MY,6000,2025,82400
56,BENTLEY,FLYING SPUR 20MY,6000,2024,80400
57,BMW,2-series,3000,2026,26400
58,BMW,2-series,3000,2025,25300
59,BMW,2-series,3000,2024,23300
60,BMW,3-series,2000,2026,16700
61,BMW,3-series,2000,2025,16600
62,BMW,3-series,2000,2024,16000
63,BMW,3-series M,3000,2026,30000
64,BMW,3-series M,3000,2025,28000
65,BMW,3-series M,3000,2024,26000
66,BMW,4-series,2000,2026,23000
67,BMW,4-series,2000,2025,22000
68,BMW,4-series,2000,2024,21000
69,BMW,4-series M,3000,2026,33000
70,BMW,4-series M,3000,2025,30000
71,BMW,4-series M,3000,2024,28000
72,BMW,5-series,2000,2026,23000
73,BMW,5-series,2000,2025,22000
74,BMW,5-series,2000,2024,21000
75,BMW,5-series,3000,2026,28000
76,BMW,5-series,3000,2025,26000
77,BMW,5-series,3000,2024,24000
78,BMW,5-series M,4400,2026,42000
79,BMW,5-series M,4400,2025,40000
80,BMW,5-series M,4400,2024,38000
81,BMW,6-series,3000,2026,32700
82,BMW,6-series,3000,2025,28000
83,BMW,6-series,3000,2024,26000
84,BMW,6-series,2000,2026,27500
85,BMW,6-series,2000,2025,23000
86,BMW,6-series,2000,2024,22000
87,BMW,6-series D,3000,2026,33000
88,BMW,6-series D,3000,2025,28750
89,BMW,6-series D,3000,2024,26000
90,BMW,X3,2000,2026,22800
91,BMW,X3,2000,2025,16700
92,BMW,X3,2000,2024,15500
93,BMW,X3,3000,2026,33200
94,BMW,X3,3000,2025,26000
95,BMW,X3,3000,2024,25000
96,BMW,X4,2000,2026,24300
97,BMW,X4,2000,2025,22000
98,BMW,X4,2000,2024,21000
99,BMW,X4,3000,2026,33300
100,BMW,X4,3000,2025,30000
101,BMW,X4,3000,2024,28000
102,BMW,X4 D,2000,2026,23000
103,BMW,X4 D,2000,2025,22000
104,BMW,X4 D,2000,2024,21000
105,BMW,X4 D,3000,2026,33500
106,BMW,X4 D,3000,2025,30000
107,BMW,X4 D,3000,2024,28000
108,BMW,8-series,3000,2026,34000
109,BMW,8-series,3000,2025,32000
110,BMW,8-series,3000,2024,30000
111,BMW,8-series,4400,2026,42300
112,BMW,8-series,4400,2025,40000
113,BMW,8-series,4400,2024,38000
114,BMW,XM,3000,2026,41000
115,BMW,XM,3000,2025,40000
116,BMW,XM,3000,2024,38000
117,BMW,XM,4400,2026,42300
118,BMW,XM,4400,2025,40500
119,BMW,XM,4400,2024,39000
120,BMW,X5,2000,2026,23000
121,BMW,X5,2000,2025,22000
122,BMW,X5,2000,2024,21000
123,BMW,X5,3000,2026,34000
124,BMW,X5,3000,2025,33600
125,BMW,X5,3000,2024,32000
126,BMW,X5,4400,2026,42300
127,BMW,X5,4400,2025,40250
128,BMW,X5,4400,2024,38000
129,BMW,X6,2000,2026,32000
130,BMW,X6,2000,2025,26400
131,BMW,X6,2000,2024,25000
132,BMW,X6,3000,2026,34000
133,BMW,X6,3000,2025,33000
134,BMW,X6,3000,2024,31000
135,BMW,X6,4400,2026,42300
136,BMW,X6,4400,2025,41000
137,BMW,X6,4400,2024,39000
138,BMW,X7,3000,2026,34000
139,BMW,X7,3000,2025,33000
140,BMW,X7,3000,2024,32000
141,BMW,X7,4400,2026,42300
142,BMW,X7,4400,2025,41500
143,BMW,X7,4400,2024,39000
144,BMW,760,3000,2026,42300
145,BMW,760,3000,2025,41500
146,BMW,760,3000,2024,39000
147,BMW,760,4400,2026,42300
148,BMW,760,4400,2025,41500
149,BMW,760,4400,2024,39000
150,BMW,760,6600,2026,42300
151,BMW,760,6600,2025,41500
152,BMW,760,6600,2024,39000
153,BMW,740,3000,2026,41500
154,BMW,740,3000,2025,37000
155,BMW,740,3000,2024,35000
156,BMW,740D,3000,2026,41500
157,BMW,740D,3000,2025,37000
158,BMW,740D,3000,2024,35000
159,DENZA,"D9,N9,N8,N7",,2026,15000
160,DENZA,"D9,N9,N8,N7",,2025,15000
161,GAC,S8,1500,2025,12000
162,GAC,S9 ,1500,2025,12000
163,GENESIS,GV70,3500,2026,33000
164,GENESIS,GV70,3500,2025,31000
165,GENESIS,GV70,3500,2024,29000
166,GENESIS,G80,2200,2026,16700
167,GENESIS, GV80,3000,2026,33000
168,GENESIS, GV80,3000,2025,31000
169,GENESIS, GV80,3000,2024,29000
170,GENESIS, GV80,3500,2026,40150
171,GENESIS, GV80,3500,2025,38900
172,GENESIS, GV80,3500,2024,36000
173,GENESIS, G90,3500,2026,35400
174,GENESIS, G90,3500,2025,29700
175,GENESIS, G90,3500,2024,27000
176,GEELY, M9 ,1500,2026,12000
177,GEELY, M9 ,1500,2025,12000
178,GMC,SIERRA,6200,2026,42000
179,GMC,SIERRA,6200,2025,41000
180,GMC,SIERRA,6200,2024,40000
181,GMC,YUKON,5300,2026,42000
182,GMC,YUKON,5300,2025,41000
183,GMC,YUKON,5300,2024,40000
184,GMC,YUKON,6200,2026,42000
185,GMC,YUKON,6200,2025,41000
186,GMC,YUKON,6200,2024,40000
187,JEEP,WRANGLER RUBICON,2000,2026,23000
188,JEEP,WRANGLER RUBICON,2000,2025,21000
189,JEEP,WRANGLER RUBICON,2000,2024,19000
190,LAMBORGHINI,AVENTADOR,6500,2026,231150
191,LAMBORGHINI,AVENTADOR,6500,2025,169000
192,LAMBORGHINI,AVENTADOR,6500,2024,160000
193,LAMBORGHINI,REVUELTO,6500,2026,169000
194,LAMBORGHINI,REVUELTO,6500,2025,167000
195,LAMBORGHINI,REVUELTO,6500,2024,165000
196,LAMBORGHINI,HURACAN,5200,2026,84500
197,LAMBORGHINI,HURACAN,5200,2025,82500
198,LAMBORGHINI,HURACAN,5200,2024,81500
199,LAMBORGHINI,URUS,4000,2026,84500
200,LAMBORGHINI,URUS,4000,2025,82500
201,LAMBORGHINI,URUS,4000,2024,81500
202,LAND ROVER,DEFENDER,2000,2026,25000
203,LAND ROVER,DEFENDER,2000,2025,23000
204,LAND ROVER,DEFENDER,2000,2024,21000
205,LAND ROVER,DEFENDER,3000,2026,39000
206,LAND ROVER,DEFENDER,3000,2025,30000
207,LAND ROVER,DEFENDER,3000,2024,28000
208,LAND ROVER,DEFENDER,4400,2026,42300
209,LAND ROVER,DEFENDER,4400,2025,41500
210,LAND ROVER,DEFENDER,4400,2024,39000
211,LAND ROVER,DISCOVERY,3000,2026,30000
212,LAND ROVER,DISCOVERY,3000,2025,29800
213,LAND ROVER,DISCOVERY,3000,2024,27000
214,LAND ROVER,DISCOVERY SPORT,2000,2026,23550
215,LAND ROVER,DISCOVERY SPORT,2000,2025,16700
216,LAND ROVER,DISCOVERY SPORT,2000,2024,16000
217,LAND ROVER,VELAR ,до 4100,2026,27000
218,LAND ROVER,VELAR ,до 4100,2025,25200
219,LAND ROVER,VELAR ,до 4100,2024,23200
220,LAND ROVER,EVOQUE,2000,2026,23000
221,LAND ROVER,EVOQUE,2000,2025,22000
222,LAND ROVER,EVOQUE,2000,2024,21000
223,LAND ROVER,RANGE ROVER,3000,2026,57290
224,LAND ROVER,RANGE ROVER,3000,2025,56250
225,LAND ROVER,RANGE ROVER,3000,2024,52000
226,LAND ROVER,RANGE ROVER,4400,2026,68750
227,LAND ROVER,RANGE ROVER,4400,2025,66750
228,LAND ROVER,RANGE ROVER,4400,2024,64000
229,LAND ROVER,RANGE ROVER,5000,2026,84000
230,LAND ROVER,RANGE ROVER,5000,2025,82000
231,LAND ROVER,RANGE ROVER,5000,2024,80000
232,LAND ROVER,RANGE ROVER SPORT,3000,2026,40000
233,LAND ROVER,RANGE ROVER SPORT,3000,2025,35000
234,LAND ROVER,RANGE ROVER SPORT,3000,2024,33000
235,LAND ROVER,RANGE ROVER SPORT,4400,2026,42300
236,LAND ROVER,RANGE ROVER SPORT,4400,2025,41500
237,LEOPARD,5,1500,2026,15000
238,LEOPARD,5,1500,2025,13000
239,LEOPARD,5,1500,2024,12000
240,LEOPARD,7,1500,2026,12000
241,LEOPARD,7,1500,2025,12000
242,LEOPARD,8,2000,2026,23000
243,LEOPARD,8,2000,2025,22000
244,LEOPARD,8,2000,2024,21000
245,LEXUS,ES 200,2000,2026,16700
246,LEXUS,ES 200,2000,2025,16500
247,LEXUS,ES 200,2000,2024,16000
248,LEXUS,ES 250 ,2500,2026,25500
249,LEXUS,ES 250 ,2500,2025,21700
250,LEXUS,ES 250 ,2500,2024,18000
251,LEXUS,ES 300,2500,2026,25500
252,LEXUS,ES 300,2500,2025,21700
253,LEXUS,ES 300,2500,2024,18000
254,LEXUS,IS 300,2000,2026,15160
255,LEXUS,IS 300,2000,2025,14600
256,LEXUS,IS 300,2000,2024,14600
257,LEXUS,LM 300,2500,2026,35122
258,LEXUS,LM 300,2500,2025,30500
259,LEXUS,LM 300,2500,2024,28500
260,LEXUS,LM 350,2500,2026,35000
261,LEXUS,LM 350,2500,2025,33000
262,LEXUS,LM 350,2500,2024,30000
263,LEXUS,LM 500,2400,2026,35000
264,LEXUS,LM 500,2400,2025,33000
265,LEXUS,LM 500,2400,2024,30000
266,LEXUS,RX 300,2000,2026,16700
267,LEXUS,RX 300,2000,2025,16500
268,LEXUS,RX 300,2000,2024,16000
269,LEXUS,RX 350,2400,2026,23000
270,LEXUS,RX 350,2400,2025,16700
271,LEXUS,RX 350,2400,2024,16000
272,LEXUS,RX 350,2500,2026,27000
273,LEXUS,RX 350,2500,2025,26000
274,LEXUS,RX 350,2500,2024,25000
275,LEXUS,RX 450,3500,2026,31000
276,LEXUS,RX 450,3500,2025,29000
277,LEXUS,RX 450,3500,2024,27000
278,LEXUS ,RX500h,2400,2026,30732
279,LEXUS ,RX500h,2400,2025,29700
280,LEXUS ,RX500h,2400,2024,27000
281,LEXUS,GX 550,3400,2026,38000
282,LEXUS,GX 550,3400,2025,36000
283,LEXUS,GX 550,3400,2024,34000
284,LEXUS,LC500,5000,2026,64700
285,LEXUS,LC500,5000,2025,55455
286,LEXUS,LC500,5000,2024,53000
287,LEXUS,LS 500,3500,2026,40150
288,LEXUS,LS 500,3500,2025,37500
289,LEXUS,LS 500,3500,2024,35000
290,LEXUS,LX 600,3500,2026,42300
291,LEXUS,LX 600,3500,2025,42300
292,LEXUS,LX 600,3500,2024,40000
293,LEXUS,LX 700,3500,2026,42300
294,LEXUS,LX 700,3500,2025,41300
295,LEXUS,LX500 D,3300,2026,42300
296,LEXUS,LX500 D,3300,2025,41000
297,LEXUS,LX500 D,3300,2024,40000
298,LEXUS,TX 350,2400,2026,23000
299,LEXUS,TX 350,2400,2025,16700
300,LEXUS,TX 350,2400,2024,16000
301,LEXUS,TX 500 ,2400,2026,30732
302,LEXUS,TX 500 ,2400,2025,29700
303,LEXUS,TX 500 ,2400,2024,27000
304,LEXUS,TX 500 ,3500,2026,31000
305,LEXUS,TX 500 ,3500,2025,29000
306,LEXUS,TX 500 ,3500,2024,27000
307,LIN&CO ,900,,2026,15000
308,LIN&CO ,900,,2025,15000
309,MASERATI,LEVANTE MODENA,3000,2026,49000
310,MASERATI,LEVANTE MODENA,3000,2025,47000
311,MASERATI,LEVANTE MODENA,3000,2024,45000
312,MASERATI,MC20 TYP M240,3000,2026,121875
313,MASERATI,MC20 TYP M240,3000,2025,114584
314,MASERATI,MC20 TYP M240,3000,2024,110000
315,MERCEDES-BENZ,E-class,2000,2026,23000
316,MERCEDES-BENZ,E-class,2000,2025,22000
317,MERCEDES-BENZ,E-class,2000,2024,21000
318,MERCEDES-BENZ,E-class,3000,2026,34000
319,MERCEDES-BENZ,E-class,3000,2025,32000
320,MERCEDES-BENZ,E-class,3000,2024,30000
321,MERCEDES-BENZ,GLC200,2000,2026,23000
322,MERCEDES-BENZ,GLC200,2000,2025,22000
323,MERCEDES-BENZ,GLC200,2000,2024,21000
324,MERCEDES-BENZ,GLC220,2000,2026,23000
325,MERCEDES-BENZ,GLC220,2000,2025,22000
326,MERCEDES-BENZ,GLC220,2000,2024,21000
327,MERCEDES-BENZ,GLC300,2000,2026,23000
328,MERCEDES-BENZ,GLC300,2000,2025,22000
329,MERCEDES-BENZ,GLC300,2000,2024,21000
330,MERCEDES-BENZ,AMG GLC 43,2000,2026,23000
331,MERCEDES-BENZ,AMG GLC 43,2000,2025,22000
332,MERCEDES-BENZ,AMG GLC 43,2000,2024,21000
333,MERCEDES-BENZ,GLE300,2000,2026,23000
334,MERCEDES-BENZ,GLE300,2000,2025,22000
335,MERCEDES-BENZ,GLE300,2000,2024,21000
336,MERCEDES-BENZ,GLE 350,2000,2026,23000
337,MERCEDES-BENZ,GLE 350,2000,2025,22000
338,MERCEDES-BENZ,GLE 350,2000,2024,21000
339,MERCEDES-BENZ,GLC260,2000,2026,23000
340,MERCEDES-BENZ,GLC260,2000,2025,22000
341,MERCEDES-BENZ,GLC260,2000,2024,21000
342,MERCEDES-BENZ,C260,1500,2026,10950
343,MERCEDES-BENZ,C260,1500,2025,10500
344,MERCEDES-BENZ,C260,1500,2024,10000
345,MERCEDES-BENZ,C43 AMG,2000,2026,23000
346,MERCEDES-BENZ,C43 AMG,2000,2025,22000
347,MERCEDES-BENZ,C43 AMG,2000,2024,21000
348,MERCEDES-BENZ,C63 AMG,2000,2026,39600
349,MERCEDES-BENZ,C63 AMG,2000,2025,38600
350,MERCEDES-BENZ,C63 AMG,2000,2024,36000
351,MERCEDES-BENZ,C63 AMG,4000,2026,42300
352,MERCEDES-BENZ,C63 AMG,4000,2025,41000
353,MERCEDES-BENZ,C63 AMG,4000,2024,39000
354,MERCEDES-BENZ,GT AMG,4000,2026,62500
355,MERCEDES-BENZ,GT AMG,4000,2025,60500
356,MERCEDES-BENZ,GT AMG,4000,2024,58000
357,MERCEDES-BENZ,GT AMG BLACK SERIES,4000,2026,187500
358,MERCEDES-BENZ,GT AMG BLACK SERIES,4000,2025,177500
359,MERCEDES-BENZ,GT AMG BLACK SERIES,4000,2024,170000
360,MERCEDES-BENZ,GLE 400D,3000,2026,34000
361,MERCEDES-BENZ,GLE 400D,3000,2025,32000
362,MERCEDES-BENZ,GLE 400D,3000,2024,30000
363,MERCEDES-BENZ,GLE 63 S,4000,2026,42300
364,MERCEDES-BENZ,GLE 63 S,4000,2025,41500
365,MERCEDES-BENZ,GLE 63 S,4000,2024,40500
366,MERCEDES-BENZ,GLS 400D,3000,2024,40000
367,MERCEDES-BENZ,AMG SL43,2000,2026,33000
368,MERCEDES-BENZ,AMG SL43,2000,2025,31000
369,MERCEDES-BENZ,AMG SL43,2000,2024,24000
370,MERCEDES-BENZ,AMG SL63,4000,2026,60000
371,MERCEDES-BENZ,AMG SL63,4000,2025,55000
372,MERCEDES-BENZ,AMG SL63,4000,2024,52000
373,MERCEDES-BENZ,AMG E 53,3000,2026,33800
374,MERCEDES-BENZ,AMG E 53,3000,2025,32800
375,MERCEDES-BENZ,AMG E 53,3000,2024,31000
376,MERCEDES-BENZ,AMG E63S,4000,2026,42300
377,MERCEDES-BENZ,AMG E63S,4000,2025,41500
378,MERCEDES-BENZ,AMG E63S,4000,2024,40500
379,MERCEDES-BENZ,AMG GT 43,3000,2026,50835
380,MERCEDES-BENZ,AMG GT 43,3000,2025,34000
381,MERCEDES-BENZ,AMG GT 43,3000,2024,32000
382,MERCEDES-BENZ, AMG CLS 53,3000,2026,38500
383,MERCEDES-BENZ, AMG CLS 53,3000,2025,34000
384,MERCEDES-BENZ, AMG CLS 53,3000,2024,32000
385,MERCEDES-BENZ, AMG GLS 63,4000,2026,62500
386,MERCEDES-BENZ, AMG GLS 63,4000,2025,58000
387,MERCEDES-BENZ, AMG GLS 63,4000,2024,55000
388,MERCEDES-BENZ, AMG GLS 63,3000,2026,62388
389,MERCEDES-BENZ, AMG GLS 63,3000,2025,48524
390,MERCEDES-BENZ, AMG GLS 63,3000,2024,45000
391,MERCEDES-BENZ, GLE 400,2000,2026,36970
392,MERCEDES-BENZ, GLE 400,2000,2025,35122
393,MERCEDES-BENZ, GLE 400,2000,2024,33000
394,MERCEDES-BENZ, GLE 450,3000,2026,34300
395,MERCEDES-BENZ, GLE 450,3000,2025,33300
396,MERCEDES-BENZ, GLE 450,3000,2024,31000
397,MERCEDES-BENZ, GLS 450,4500,2026,60000
398,MERCEDES-BENZ, GLS 580,4000,2026,42300
399,MERCEDES-BENZ, GLS 580,4000,2025,41500
400,MERCEDES-BENZ, GLS 580,4000,2024,40000
401,MERCEDES-BENZ,S 350 ,3000,2026,49448
402,MERCEDES-BENZ,S 350,3000,2025,43000
403,MERCEDES-BENZ,S 350,3000,2024,42000
404,MERCEDES-BENZ,GLE 53,3000,2026,42300
405,MERCEDES-BENZ,GLE 53,3000,2025,41500
406,MERCEDES-BENZ,GLE 53,3000,2024,40000
407,MERCEDES-BENZ,GLS 450,3000,2026,42300
408,MERCEDES-BENZ,GLS 450,3000,2025,41500
409,MERCEDES-BENZ,GLS 450,3000,2024,40000
410,MERCEDES-BENZ,S 400D,3000,2026,47917
411,MERCEDES-BENZ,S 400D,3000,2025,42300
412,MERCEDES-BENZ,S 400D,3000,2024,41000
413,MERCEDES-BENZ,S 450,3000,2026,42300
414,MERCEDES-BENZ,S 450,3000,2025,41500
415,MERCEDES-BENZ,S 450,3000,2024,40000
416,MERCEDES-BENZ,S 480,3000,2026,42300
417,MERCEDES-BENZ,S 480,3000,2025,41500
418,MERCEDES-BENZ,S 480,3000,2024,40000
419,MERCEDES-BENZ,S 500,3000,2026,59375
420,MERCEDES-BENZ,S 500,3000,2025,47831
421,MERCEDES-BENZ,S 500,3000,2024,45000
422,MERCEDES-BENZ,S 580 ,3000,2026,42300
423,MERCEDES-BENZ,S 580 ,3000,2025,41500
424,MERCEDES-BENZ,S 580 ,3000,2024,40000
425,MERCEDES-BENZ ,S 580 ,4000,2026,42300
426,MERCEDES-BENZ ,S 580 ,4000,2025,41500
427,MERCEDES-BENZ ,S 580 ,4000,2024,40000
428,MERCEDES-BENZ ,AMG G 63,4000,2026,71000
429,MERCEDES-BENZ ,AMG G 63,4000,2025,70000
430,MERCEDES-BENZ ,AMG G 63,4000,2024,68000
431,MERCEDES-BENZ ,"G700,G800 Brabus и G63 4x4",4000,2026,84500
432,MERCEDES-BENZ ,"G700,G800 Brabus и G63 4x4",4000,2025,82500
433,MERCEDES-BENZ ,"G700,G800 Brabus и G63 4x4",4000,2024,80500
434,MERCEDES-BENZ ,G900 Brabus,4000,2026,150000
435,MERCEDES-BENZ ,G900 Brabus,4000,2025,140000
436,MERCEDES-BENZ ,G900 Brabus,4000,2024,130000
437,MERCEDES-BENZ ,G 400D,3000,2026,42300
438,MERCEDES-BENZ ,G 400D,3000,2025,41500
439,MERCEDES-BENZ ,G 400D,3000,2024,40000
440,MERCEDES-BENZ ,G 450,3000,2026,65160
441,MERCEDES-BENZ ,G 450,3000,2025,55455
442,MERCEDES-BENZ ,G 450,3000,2024,53000
443,MERCEDES-BENZ ,G 500,4000,2026,42300
444,MERCEDES-BENZ ,G 500,4000,2025,41500
445,MERCEDES-BENZ ,G 500,4000,2024,40000
446,MERCEDES-BENZ ,G 500 AMG,4000,2026,42300
447,MERCEDES-BENZ ,G 500 AMG,4000,2025,41500
448,MERCEDES-BENZ ,G 500 AMG,4000,2024,40000
449,MERCEDES-BENZ ,G 550 ,4000,2026,42300
450,MERCEDES-BENZ ,G 550 ,4000,2025,41500
451,MERCEDES-BENZ ,GLS 600 4MATIC MAYBACH,4000,2026,71000
452,MERCEDES-BENZ ,GLS 600 4MATIC MAYBACH,4000,2025,70000
453,MERCEDES-BENZ ,GLS 600 4MATIC MAYBACH,4000,2024,68000
454,MERCEDES-BENZ ,S 580 MAYBACH,4000,2026,71000
455,MERCEDES-BENZ ,S 580 MAYBACH,4000,2025,70000
456,MERCEDES-BENZ ,S 580 MAYBACH,4000,2024,68000
457,MERCEDES-BENZ ,S 680 MAYBACH,6000,2026,84500
458,MERCEDES-BENZ ,S 680 MAYBACH,6000,2025,83500
459,MERCEDES-BENZ ,S 680 MAYBACH,6000,2024,81000
460,MERCEDES-BENZ ,S 63 AMG,4000,2026,64700
461,MERCEDES-BENZ ,S 63 AMG,4000,2025,60500
462,MERCEDES-BENZ ,S 63 AMG,4000,2024,58000
463,MERCEDES-BENZ,V 220 D V-CLASS,2200,2026,26573
464,MERCEDES-BENZ,V 220 D V-CLASS,2200,2025,23000
465,MERCEDES-BENZ,V 220 D V-CLASS,2200,2024,21000
466,MERCEDES-BENZ,V 250 D V-CLASS,2200,2026,32292
467,MERCEDES-BENZ,V 250 D V-CLASS,2200,2025,31250
468,MERCEDES-BENZ,V 250 D V-CLASS,2200,2024,29000
469,MERCEDES-BENZ,V 250 D V-CLASS,2000,2026,31250
470,MERCEDES-BENZ,V 250 D V-CLASS,2000,2025,29167
471,MERCEDES-BENZ,V 250 D V-CLASS,2000,2024,27000
472,MERCEDES-BENZ,V 250 V-CLASS,2000,2026,31250
473,MERCEDES-BENZ,V 250 V-CLASS,2000,2025,29167
474,MERCEDES-BENZ,V 250 V-CLASS,2000,2024,27000
475,MERCEDES-BENZ,V 300,2000,2026,31250
476,MERCEDES-BENZ,V 300,2000,2025,29167
477,MERCEDES-BENZ,V 300,2000,2024,27000
478,MERCEDES-BENZ,VITO 114,2200,2026,20000
479,MERCEDES-BENZ,VITO 114,2200,2025,18000
480,MERCEDES-BENZ,VITO 114,2200,2024,16800
481,MERCEDES-BENZ,VITO 119 CDI,2000,2026,23000
482,MERCEDES-BENZ,VITO 119 CDI,2000,2025,22000
483,MERCEDES-BENZ,VITO 119 CDI,2000,2024,21000
484,MERCEDES-BENZ,VITO 121,2000,2026,19000
485,MERCEDES-BENZ,VITO 121,2000,2025,15700
486,MERCEDES-BENZ,VITO 121,2000,2024,14600
487,MERCEDES-BENZ,VITO TOURER 110 CDI,2000,2026,22000
488,MERCEDES-BENZ,VITO TOURER 110 CDI,2000,2025,21000
489,MERCEDES-BENZ,VITO TOURER 110 CDI,2000,2024,19000
490,INFINITY,QX80,3500,2026,40000
491,INFINITY,QX80,3500,2025,38000
492,INFINITY,QX80,3500,2024,36000
493,ROLLS-ROYCE,CULLINAN,6800,2026,84500
494,ROLLS-ROYCE,CULLINAN,6800,2025,82500
495,ROLLS-ROYCE,CULLINAN,6800,2024,80500
496,ROLLS-ROYCE,CULLINAN BLACK BADGE,6800,2026,84500
497,ROLLS-ROYCE,CULLINAN BLACK BADGE,6800,2025,83500
498,ROLLS-ROYCE,CULLINAN BLACK BADGE,6800,2024,82500
499,ROLLS-ROYCE,DAWN,6600,2026,165000
500,ROLLS-ROYCE,DAWN,6600,2025,163000
501,ROLLS-ROYCE,DAWN,6600,2024,161000
502,ROLLS-ROYCE,GHOST,6800,2026,84500
503,ROLLS-ROYCE,GHOST,6800,2025,83500
504,ROLLS-ROYCE,GHOST,6800,2024,82500
505,ROLLS-ROYCE,GHOST BLACK BADGE,6800,2026,84500
506,ROLLS-ROYCE,GHOST BLACK BADGE,6800,2025,83500
507,ROLLS-ROYCE,GHOST BLACK BADGE,6800,2024,82500
508,ROLLS-ROYCE,GHOST EWB,6800,2026,84500
509,ROLLS-ROYCE,GHOST EWB,6800,2025,83500
510,ROLLS-ROYCE,GHOST EWB,6800,2024,82500
511,ROLLS-ROYCE,PHANTOM,6800,2026,169000
512,ROLLS-ROYCE,PHANTOM,6800,2025,165000
513,ROLLS-ROYCE,PHANTOM,6800,2024,155000
514,ROLLS-ROYCE,PHANTOM EWB,6800,2026,169000
515,ROLLS-ROYCE,PHANTOM EWB,6800,2025,165000
516,ROLLS-ROYCE,PHANTOM EWB,6800,2024,155000
517,ROLLS-ROYCE,WRAITH,6600,2026,169000
518,ROLLS-ROYCE,WRAITH,6600,2025,165000
519,ROLLS-ROYCE,WRAITH,6600,2024,16000
520,TANK,500,2000,2026,15000
521,TANK,500,2000,2025,15000
522,TANK,700,3000,2026,23000
523,TANK,700,3000,2025,23000
524,TOYOTA,LAND CRUISER PRADO 150,2700,2024,22000
525,TOYOTA,LAND CRUISER PRADO 150,2800,2024,22000
526,TOYOTA,LAND CRUISER PRADO 250,2400,2026,25000
527,TOYOTA,LAND CRUISER PRADO 250,2400,2025,23500
528,TOYOTA,LAND CRUISER PRADO 250,2400,2024,22000
529,TOYOTA,LAND CRUISER PRADO 250,2700,2026,30000
530,TOYOTA,LAND CRUISER PRADO 250,2700,2025,27000
531,TOYOTA,LAND CRUISER PRADO 250,2700,2024,25000
532,TOYOTA,LAND CRUISER PRADO 250,2800,2026,30000
533,TOYOTA,LAND CRUISER PRADO 250,2800,2025,27000
534,TOYOTA,LAND CRUISER PRADO 250,2800,2024,25000
535,TOYOTA ,Seqvoya,3500,2026,40000
536,TOYOTA ,Seqvoya,3500,2025,38000
537,TOYOTA ,Seqvoya,3500,2024,36000
538,TOYOTA ,LAND CRUISER 300,3300,2026,40000
539,TOYOTA ,LAND CRUISER 300,3300,2025,38000
540,TOYOTA ,LAND CRUISER 300,3300,2024,37000
541,TOYOTA ,LAND CRUISER 300,3500,2026,40000
542,TOYOTA ,LAND CRUISER 300,3500,2025,38000
543,TOYOTA ,LAND CRUISER 300,3500,2024,37000
544,TOYOTA ,LAND CRUISER 300,4000,2026,42300
545,TOYOTA ,LAND CRUISER 300,4000,2025,41500
546,TOYOTA ,LAND CRUISER 300,4000,2024,40500
547,TOYOTA ,CENTURY,3500,2026,54500
548,TOYOTA ,CENTURY,3500,2025,53000
549,TOYOTA ,CENTURY,3500,2024,51000
550,PORSCHE, 718 CAYMAN,2000,2026,23000
551,PORSCHE, 718 CAYMAN,2000,2025,22000
552,PORSCHE, 718 CAYMAN,2000,2024,21000
553,PORSCHE, 718 CAYMAN GT4,4000,2026,47000
554,PORSCHE, 718 CAYMAN GT4,4000,2025,41500
555,PORSCHE, 718 CAYMAN GT4,4000,2024,39000
556,PORSCHE, CAYENNE,3000,2026,40625
557,PORSCHE, CAYENNE,3000,2025,39584
558,PORSCHE, CAYENNE,3000,2024,37000
559,PORSCHE, CAYENNE GTS,4000,2026,56000
560,PORSCHE, CAYENNE GTS,4000,2025,49500
561,PORSCHE, CAYENNE GTS,4000,2024,45000
562,PORSCHE, CAYENNE TURBO,4000,2026,79167
563,PORSCHE, CAYENNE TURBO,4000,2025,79167
564,PORSCHE, CAYENNE TURBO,4000,2024,72000
565,PORSCHE, CAYENNE TURBO GT,4000,2026,84000
566,PORSCHE, CAYENNE TURBO GT,4000,2025,82000
567,PORSCHE, CAYENNE TURBO GT,4000,2024,81000
568,PORSCHE, MACAN,2000,2026,29200
569,PORSCHE, MACAN,2000,2025,28500
570,PORSCHE, MACAN,2000,2024,27000
571,PORSCHE, MACAN,3000,2026,37500
572,PORSCHE, MACAN,3000,2025,33800
573,PORSCHE, MACAN,3000,2024,31500
574,PORSCHE, MACAN GTS,3000,2026,42300
575,PORSCHE, MACAN GTS,3000,2025,37500
576,PORSCHE, MACAN GTS,3000,2024,36000
577,PORSCHE, MACAN S,3000,2026,34200
578,PORSCHE, MACAN S,3000,2025,33200
579,PORSCHE, MACAN S,3000,2024,32000
580,PORSCHE, MACAN TURBO,3000,2026,42000
581,PORSCHE, MACAN TURBO,3000,2025,38500
582,PORSCHE, MACAN TURBO,3000,2024,36000
583,PORSCHE, MACAN UT,2000,2026,29200
584,PORSCHE, MACAN UT,2000,2025,25625
585,PORSCHE, MACAN UT,2000,2024,23000
586,PORSCHE, PANAMERA,3000,2026,48960
587,PORSCHE, PANAMERA,3000,2025,47960
588,PORSCHE, PANAMERA,3000,2024,43000
589,PORSCHE, PANAMERA GTS,4000,2026,73800
590,PORSCHE, PANAMERA GTS,4000,2025,69500
591,PORSCHE, PANAMERA GTS,4000,2024,62000
592,PORSCHE, PANAMERA TURBO S,3000,2026,48960
593,PORSCHE, PANAMERA TURBO S,3000,2025,47960
594,PORSCHE, PANAMERA TURBO S,3000,2024,43000
595,PORSCHE,718 BOXSTER,2000,2026,33350
596,PORSCHE,718 BOXSTER,2000,2025,25650
597,PORSCHE,718 BOXSTER,2000,2024,24500
598,PORSCHE,718 BOXSTER GTS,4000,2026,38000
599,PORSCHE,719 BOXSTER GTS,4000,2025,36000
600,PORSCHE,720 BOXSTER GTS,4000,2024,33000
601,PORSCHE,718 BOXSTER S,2500,2026,38000
602,PORSCHE,719 BOXSTER S,2500,2025,35000
603,PORSCHE,720 BOXSTER S,2500,2024,32000
604,PORSCHE,718 CAYMAN,2000,2026,29250
605,PORSCHE,718 CAYMAN,2000,2025,25450
606,PORSCHE,718 CAYMAN,2000,2024,23000
607,PORSCHE,718 CAYMAN GTS,4000,2026,42300
608,PORSCHE,718 CAYMAN GTS,4000,2025,41500
609,PORSCHE,718 CAYMAN GTS,4000,2024,40500
610,PORSCHE,718 CAYMAN S,2500,2026,37300
611,PORSCHE,718 CAYMAN S,2500,2025,31900
612,PORSCHE,718 CAYMAN S,2500,2024,29000
613,PORSCHE,911 CARRERA,3000,2026,42300
614,PORSCHE,911 CARRERA,3000,2025,39500
615,PORSCHE,911 CARRERA,3000,2024,37000
616,PORSCHE,911 CARRERA 4,3000,2026,52100
617,PORSCHE,911 CARRERA 4,3000,2025,45500
618,PORSCHE,911 CARRERA 4,3000,2024,42000
619,PORSCHE,911 CARRERA 4S,3000,2026,65000
620,PORSCHE,911 CARRERA 4S,3000,2025,56800
621,PORSCHE,911 CARRERA 4S,3000,2024,54000
622,PORSCHE,911 CARRERA S,3000,2026,57300
623,PORSCHE,911 CARRERA S,3000,2025,49900
624,PORSCHE,911 CARRERA S,3000,2024,47000
625,PORSCHE,911 CARRERA GTS,3000,2026,75000
626,PORSCHE,911 CARRERA GTS,3000,2025,70000
627,PORSCHE,911 CARRERA GTS,3000,2024,65000
628,PORSCHE,911 GT2 RS,3800,2026,76650
629,PORSCHE,911 GT2 RS,3800,2025,67800
630,PORSCHE,911 GT2 RS,3800,2024,65000
631,PORSCHE,911 GT3,4000,2026,84500
632,PORSCHE,911 GT3,4000,2025,77100
633,PORSCHE,911 GT3,4000,2024,73000
634,PORSCHE,911 TARGA 4,3000,2026,60000
635,PORSCHE,911 TARGA 4,3000,2025,55700
636,PORSCHE,911 TARGA 4,3000,2024,54000
637,PORSCHE,911 TURBO,3800,2026,77100
638,PORSCHE,911 TURBO,3800,2025,75000
639,PORSCHE,911 TURBO,3800,2024,72000
640,PORSCHE,911 TURBO S,3800,2026,84500
641,PORSCHE,911 TURBO S,3800,2025,83500
642,PORSCHE,911 TURBO S,3800,2024,82500
643,FERRARI,296,3000,2026,124500
644,FERRARI,296,3000,2025,110000
645,FERRARI,296,3000,2024,100000
646,FERRARI,F8 SPIDER,4000,2026,125000
647,FERRARI,F8 SPIDER,4000,2025,84500
648,FERRARI,F8 SPIDER,4000,2024,83500
649,FERRARI,F8 TRIBUTO,4000,2026,142100
650,FERRARI,F8 TRIBUTO,4000,2025,123750
651,FERRARI,F8 TRIBUTO,4000,2024,110000
652,FERRARI,PORTOFINO M,3900,2026,84500
653,FERRARI,PORTOFINO M,3900,2025,82500
654,FERRARI,PORTOFINO M,3900,2024,81000
655,FERRARI,ROMA,3900,2026,121500
656,FERRARI,ROMA,3900,2025,84500
657,FERRARI,ROMA,3900,2024,82500
658,FERRARI,SF90 STRADALE,4000,2026,202084
659,FERRARI,SF90 STRADALE,4000,2025,201000
660,FERRARI,SF90 STRADALE,4000,2024,195000
661,FERRARI,PUROSANGUE,6500,2026,170000
662,FERRARI,PUROSANGUE,6500,2025,160000
663,FERRARI,PUROSANGUE,6500,2024,150000
664,CADILLAC,ESCALADE,6200,2026,42000
665,CADILLAC,ESCALADE,6200,2025,41000
666,CADILLAC,ESCALADE,6200,2024,40000
667,CHEVROLET,TAHOE,5300,2026,42000
668,CHEVROLET,TAHOE,5300,2025,41000
669,CHEVROLET,TAHOE,5300,2024,40000
670,CHEVROLET,TAHOE,6200,2026,42000
671,CHEVROLET,TAHOE,6200,2025,41000
672,CHEVROLET,TAHOE,6200,2024,40000
673,CHEVROLET,SUBURBAN,5300,2026,42000
674,CHEVROLET,SUBURBAN,5300,2025,41000
675,CHEVROLET,SUBURBAN,5300,2024,40000
676,CHEVROLET,SUBURBAN,6200,2026,42000
677,CHEVROLET,SUBURBAN,6200,2025,41000
678,CHEVROLET,SUBURBAN,6200,2024,40000
679,ZEEKR ,9X,2000,2026,23000
680,ZEEKR ,9X,2000,2025,22000
681,VOLKSWAGEN,TOUAREG,3000,2026,34000
682,VOLKSWAGEN,TOUAREG,3000,2025,33000
683,VOLKSWAGEN,TOUAREG,3000,2024,31000
684,VOYAH,DREAM,1500,2026,15000
685,VOYAH,DREAM,1500,2025,15000
686,VOYAH,TAISHAN,1500,2026,15000
687,VOYAH,TAISHAN,1500,2025,15000
688,VOLVO,XC90,2000,2026,23000
689,VOLVO,XC90,2000,2025,22000
690,VOLVO,XC90,2000,2024,21000